Rating,Ulasan
5,"Packing standar. Pengiriman cepat. Sesuai pesanan. Salah satu sepatu lari atau jogging yg murah tapi worth it. Finishing sepatunya rapi. Insole nya ada busa empuk gitu, s... "
5,"bagus nyaman, tapi pilih abu abu ternyata warnanya malah lebih dominan ke putih (hampir gakeliatan warna abunya) tp itu gapapa ga masalah, untuk sol nya empuk ya nyaman b... "
5,"pas sampe kardusnya penyok, untungnya sepatu aman ga ada cacat.
panjang kakiku 25,5 pake ukuran 41 (26,5) pas banget untung gak jadi ambil ukuran 40. sepatunya ringan dan... "
5,"Ukuran pas sesuai deskripsi, jahitan & lem sepatunya rapi, desain sepatu keren, pengemasan rapi & aman, pengiriman juga cepat. Sepatu lokal brand yg bagus banget... "
5,"ukuran pas, bahan ok. dipakai empuk nyaman . respon pelapak ok. top deh"
5,"bagus banget warnanyaa, sesuai dengan ekspetasi. untuk ukuran juga pas. panjang kaki 24,5 cm sama ambil yg ukuran 39 (25,5cm). sepatu nyaman, empuk, ringan jugağŸ˜"
5,aiihh suka banget lah dipakenya ringan model dan bahan premium ukuran pas dikaki
5,"Produk dalam keadaan baik secara keseluruhan, size sesuai pesanan & untuk respon penjual sangat cepat."
5,"Detail warna nya cantik banget, enteng banget saking entengnya serasa kya g pake sepatu, emng ya bnr kata orng ada hrga ada kualitas produk brand lokal cakep2 skrng mirip... "
5,"ringan banget, ak kira bakal berat trnyata ngga samsek"
5,"barang bagus
kualitas juga bagus 
pokoknya keren banget"
5,"Sepatunya bagus lucu banget warnanya
Ukurannya juga pas banget
semoga awet ya thanks seller"
4,Akhirnya ada juga ukuran yg pas setelah check toko banyak yg sold out alias kosong. lumayan buat nambah koleksi biar gak bosen ğŸ˜€
5,"thank you kanky sudah mau proses order di hari lebaran ğŸ¤—. udah lama di wish list, akhirnya checkout juga. pertama kali beli sepatu kanky,  bagus, dan ga ada lecet sediki... "
5,"kualitas produk gak mengecewakan, semoga nyaman pas dipakainyağŸ«¶ğŸ»ğŸ‘ğŸ»"
5,barangnya nyaman dan bagus sekali warnanya.. ortu suka
5,"Warna: Sesuai dengan yg di order
Bentuk dan ukuran: Pas
Outsole nya empuk, spatunya ringan, nyaman di kenakan."
4,"Bagussss bnget,ringan dan nyaman di pake,ukuran pas sesuai dg ukuran yg sering di pke top deh ğŸ˜ğŸ‘ŒğŸ‘ŒğŸ‘Œ
Mungkin di pengemasan ny perlu di perbaiki lg,aku fikir bakal di bu... "
5,"Seller Amanah, Sepatu Mantul, Pengiriman Lebih Cepat Dari Waktu Yang ditentukan, Semoga Awet"
4,"sepatunya nyaman, empuk juga gak keras, worth it banget untuk harga segini, kerenn warna nya juga lucuu bangett sukaaa"
5,"aaa sukakk banget warnanya cantikkk, sebenernya pngen seri lain tapi gaada sizenya yauda ambil ini aja dulu. btw kaki ku 22,5cm aku ambil uk 37 paaassss bangettt tanpa ka... "
5,"sepatu kanky ke-4 yg sy beli untuk ponakan. dgn stok varian yg sdh byk habis, pilihan yg tersisa tetap memuaskan dr model dan kualitasnya."
5,"Cepet banget sampe nya, enteng di pakeğŸ«¶ğŸ»"
5,"Tgl 2 order tgl 5 smpe, woahhhh keren bgt nih sepatu worth it lah sesuai kualitas, ga perlu upsize pas sesuai size normal. 
Thank you!"
5,sepatunya nyaman dan uk nya juga pas baguss pokoknyaağŸ’—ğŸ«°ğŸ»
4,"Bentuk dan ukuran: Sesuai dengan foto cakep
Daya tahan pakai: Ringan
Warna: Bagus sesuai dengan gambar"
5,"Bagus banget, pengiriman juga cepat, ukuran pas di kaki, nyaman dipakai"
5,"co senin sore, rabu pagi sampe. gila sih, worth to buy gaiss, enteng, nyaman dipake, biasa pake uk 40 ttp ambil 40, dipakein kaos kaki pas bgt oke. semoga awet. makasi ka... "
5,"PLCC GEMASSS BNGT, sumpah ini sepatu enak, desain nya lucuu, untuk Kaka nya juga ramahh, PLCC SUKA BANGET INI MAH ğŸ˜­ğŸ«‚ğŸ«‚ğŸ«‚ğŸŒŸğŸŒŸğŸ«°ğŸ«°"
5,Mantan bget. Realpick ringan cok bget buat aerobice
5,"Bentuk dan ukuran: pas dan nyaman
Warna: white/L pink
suka banget pengiriman nya cepat"
5,"ukuran sesuai, mantap sesuai gambar intinya"
5,"Packing oke, sekedar info sepatu kanky agak narrow kalau kakinya lebar alangkah baiknya naikin 0.5-1 size dr size biasanya biar ada space.. thankyou"
5,"Bentuk dan ukuran: 39
BAGUS BGT BESTT POKOK NYAğŸ˜» ENTENG LAGI PENGIRIMAN CEPATğŸ‘ğŸ»
Warna: beige/peach"
3,"sbnernya sepatunya bagus bgt, tapi sayangnya boxnya, pas sampe boxnya udh penyotÂ², harusny harga 200+ udh dpt kotak yg lumayan premium, tpi malah kayak kardus biasa, di r... "
3,"sedikit sedih krn udah nunggu lama, seminggu baru dtg.. pas dtg salah ukuran.. pesen 39 yg dtg 40.. mau di balikin mikir2 lagi takut lama baliknya, tp sepatu ok sih.. ga... "
5,"bagus cm ada sedikit noda ditalinya tapi aman aja si lebih teliti lg kedepannya minğŸ™ğŸ¼â¤ï¸
Warna: Beige/peach
Bentuk dan ukuran: 39"
5,"bagus sepatunyaa entenggg panjang kaki 23,5 pakai ukuran normal 38 passss"
5,sepatu enteng. sol empuk. upper sol breathable.
5,"Lumayan buat bikin istri senang , langsung stok 2 pasang"
5,"suka deh sama sepatunya! ringan, harga bersahabat, produk lokal lagi! sangat bahagia."
5,"Sepatu empuk, jahitan sepatu rapi dan barang diterima dalam keadaan baikğŸ˜"
5,"Bagussss pake banget, gak nyesel kalo beli ini invest murah"
5,"Alhmdulillah akhirnya sampai juga, 
Terima kasih Kankyâ¤ï¸â¤ï¸â¤ï¸"
5,keren siii enak bgtt dipakenyaa empuk enteng jga worth it lah dengan harga segtuğŸ™‚â€â†”ï¸
5,barang barang sudah datang dengan aman tidak ada permasalahan pada sepatunya cuman mungkin masih ada kerusakan di packaging ketika datang tapi melihat fisik barang tidak... 
5,"sepatunya nyaman banget dan pas ukurannya di kaki. pengiriman sesuai estimasi, barang diterima dalam kondisi baik. harga terjangkau, kualitas diatas ekspektasi."
5,"kualitas bahannya bgus bnget, salut walaupun produk lokal bahannya keren, nyaman dipake, ringan ga berat cocok buat di pakai sehari-hari"
5,"Saya up size ke 37 berhubung 36 kosong tapi masih ok karena pakai tali, sepatunya ringan sepertinya akan nyaman dipakai untuk aktivitas sehari-hari atau senam, kebetulan... "
5,"ukuran pas, jahitan rapih,bantalan kaki tebal,nyaman buat lari,nga bunyi pas jalan"
5,"Barang mendarat dgn aman walaupun kardusnya penyok. Biasa pake size 38, karna kaki lebar jd ambil size 39. Nyaman dipake empuk juga."
5,"dapett harga flash sale. sepatunya bagus cuma buat ukuran kaki 23,5 cm pake ukuran 36 ngepas banget. saran buat yg punya ukuran kaki 23,5 cm bisa naikin 1 ukuran lagi. pe... "
4,"produknya bagus, ringan juga cuman sayang pengirimannya lama bangett 2 minggu chat adminnya juga ga membantu disuruh nunggu aja, next semoga lebih baik ya"
4,"Bagus, agak ringan juga tpi kayaknya kurang nyaman solnya kurang empuk, sama wangi lem sepatunya menyengat banget hehe"
4,"Sepatu nya bagus. Model nya cantik. Padding dalem nya cukup nyaman. Sempet size kekecilan tapi bisa di tuker dan dibantu sama admin nya. 
Sesuai dengan harga nya ğŸ˜Š"
4,"Sesuai Orderan, 
Yg ke 2 nie Kanky, 
Cuman Packingannya yg kurang siip, gak dobel bungkus dan plastik tipis, kalau ujan bisa basah, 
Bersyukur Sepatu nyaman dipakai. 
PER... "
5,Barang Bagus sesuai ekspektasi cuma kayaknya kalau kakinya gk lebar gk perlu up size
5,"bagusss bangettt enteng dan nyaman dipake, biasanya pake size 39 aku coba 38 ternyata pass, next beli lagii dehğŸ˜"
5,"respon seller baik..

produk ok, diatas ekpektasi. untuk kualitas sepertinya baik dan awet.

mantap Kanky"
5,"ukuran sesuai, model bagus, murah dan memuaskan, kualitas tidak murahan"
5,"Bentuk dan ukuran: Bagus dan nyaman, ukurannya pas alhamdulillah, aku naikkin satu size dari biasanya, sepatunya juga ringan, mantap pokoknya ğŸ˜ğŸ˜ğŸ‘ğŸ‘"
5,"Sepatunya lucu dan cantik ğŸ˜ untuk ukuran kaki 38 sebenarnya pas dan masih ada space kecil di ujung jari, hanya saja sampingnya sedikit sempit ğŸ¤"
5,"ukurannya pas, dapat harga 160 aja, warnanya baguss, cocokk bangett,puas banget sama barang nya,dri kmrin nimbang2 co apa nggk, mumpung dpat harga murah co langsung..
ngg... "
5,"fast respons..bahan bagus,ukuran sesuai,nyaman dipakai..thx"
5,"barang sesuai, harga oke, kualitas juga bagus. nyaman banget"
4,"Bagusss juga dan pass, tpi packaging nya kurang oke gapke bubble wrape dibungkus plastik bening dan dus doang, al hasil penyok2 paket guehhh"
5,"beliin buat anak, ukuran pas , bahan jug oke. ringan banget dan anak seneng banget pakenya. local brand yg keren"
5,"Ukuran pas, aku pakai size 38. Bahannya enak banget emang cocok buat running karena ringan juga... Akan belilagi sihhh
Karena rivewnya juga bagus"" untuk sepatu ini ğŸ˜"
5,"Nyamaan bgttt, size nya sesuai jugaa"
5,"Ukuran pas, biasa pake 38, dinaikin 1 size. bagus si ini. ringan. dan build qualitynya bagus banget. untuk harga dibawah 200rb. nice"
5,"jujur sy puas bgt, dgn harga segini dapet sepatu dgn kualitas sebagus ini menurut sy, melebihi ekspektasi sy, semoga semakin banyak produk anak bangsa yg bisa sebagus ini... "
5,"ukuran sesuai pesanan, seller ramah dan respon juga cepat,"
5,"Ukuranny pas 22.5 biasany k'gedean dgn insole itu , modelny simple nyaman saat d'coba moga tetap nyaman saat d'gunakn tidak bikin pegal kaki karna kaku .. Rec... "
4,"packagingnya diperbaiki ya kak padahal official store, mohon dikasi bubble wrap hehe
sepatunya agak kekecilan diukuran kakiku 25.5, engga ku retur karena besok uda dipake... "
5,"thanks gan..ğŸ‘Œ
bahan nya bagus dipakai nyaman.. modelnya oke"
5,"bagus"" aja buat cowok bahan bagus kuat buat running itu burem karena kamera hp saya buriik"
5,"Tjakep bgt sii,  cuma gaada buble wrap nya, jadi ga aman pisan... Isinya original. Pokoknya puas bgt... Saya kira ukurannya Ukuran Indonesia. No 39 25,5 saya biasa 39 24,... "
5,"Ini enak bgt gak kebesaran gak kesempitan, saran aq c yg bysa pake ukuran spatu 39 ttep ambil ukuran 39 biarpun ukuran cm nya lebih panjang ini beneran pas koq ğŸ˜ smangat... "
5,"pengirimannya cepat, baguss, pas bgt ukurannya, modelnya bagus, empuk, mantab, luar biasaa, jos gandos"
5,"ukurann pas, warna bagussss bangettt, modelll bagussss bangett sumpahhh kerennn bangtttğŸ˜ğŸ˜ğŸ˜ğŸ˜ğŸ˜ğŸ˜ğŸ¤©ğŸ¤©ğŸ¤©ğŸ¤©ğŸ¤©ğŸ¤©ğŸ¤©ğŸ¤©ğŸ¤©ğŸ¤©ğŸ¤©ğŸ¤©ğŸ¤©ğŸ¤©ğŸ¤©ğŸ¤©ğŸ¤©ğŸ¤©ğŸ¤©ğŸ¤©ğŸ¤©ğŸ¤©ğŸ¤©ğŸ¤©ğŸ¤©ğŸ¤©ğŸ¤©ğŸ¤©"
5,ukuran pas..ringan bagus rapi model n sol rapi
5,enak dipakai empuk jg buat olahraga ini enak bgt sih buat jogging tipis tipis juga enak bgt ga bikin sakit cantikkk warnaanyaaa thank uuu
5,sepatu ringan banget dipakai.nyaman modelnya jg bagus warna menarik
5,"Sepatunya sesuai, nyaman dan pas ukurannya"
5,"super fast delivered, product bagus dan ringan"
5,"mantul pisan..ğŸ‘ğŸ‘ğŸ‘ğŸ‘ğŸ‘
fast respon,built quality dan material cukup baik,sesuai pesana
#movewithkanky ğŸ”¥ğŸ”¥ğŸ”¥"
5,bagus dan ringan sepatunya cocok dipake istri
5,"Sepatu bagus sekali, kualitas Internasional. Kualitas setara dgn Merk Terkenal yg range harganya diatas 700rbuan.

Material Kokoh, Enteng, rapih dan Kuat. 

Thanks. ğŸ™‚"
5,"ukuran sepatunya sesuai, biasa ambil no 39. Berat sepatu termasuk ringan, sol empuk. overall oke sih. semoga saat pemakain nyaman"
5,"ukuran pas sesuai kaki
dalamnya empuk
pengiriman juga cepat dan aman
recommended yg butuh sepatu"
5,mantap bagus bngt bahannya ringan enak buat olahraga
5,"beli untuk yg kedua kalinya dan woowwwwww selalu cakep, ringan bgt sepatunya, enak dipake jogging, insolnya juga empuk bangetğŸ˜ idamanğŸ˜ğŸ˜"
4,"bagussss warnanyaaaa, ukurann pas bgtttğŸ’‹"
5,"Sepatu nya bagus, udh aqu pake olga dan senyaman itu, yang paling panting size nya sesuai , biasanya klo bli spatu selalu kekecilan tapi ini sesuai . Terimakasih."
5,"barang sampai dengan selamat ga ada kurang atau lecet aman sentosa . warna realpict . dominasi warna putih , abu nya sedikit bgt . sepatunya enteng juga"
5,"modelnya sangat keren, modis, dan jahitannya rapi. Sol luar bawahnya juga bagus untuk keperluan sekolah atau lari. Kualitas produk dalam negeri yang sangat diapresiasi ba... "
5,"Sepatu pesanan saya sdh diterima model dan bahannya bagus, ukuran sesuai kaki anak saya thanks"
5,"Sangatt bagus nyaman ringan, harga terjangkau.terimakasih"
5,"Pesanan cepat diproses dan pengiriman next day-nya no tipu tipu! ğŸ‘ğŸ»

Pesan hari Minggu pas toko libur, kirain baru akan dikirim Senin dan tiba Selasa. Ternyata diproses... "
4,"Sepatu nya bagus, ringan, ukuran agak sedikit besar tp masih nyaman d pake sih, cuma sayang bgt packing nya jelek bgt, cuma d bungkus plastik doang, kardus pada bolongğŸ¤¦ï¿½... "
5,"fast respon, sepatu ringan, ukuran sesuai pesanan ,semoga awet.."
4,"Bentuk dan ukuran: kebesaran dikit tp it's okayyy, bentuk nya ramping ga yang besar gt sol bawahnya, keren pokonyamah
Aroma: sedep poll klo barang baru mahğŸ˜›ğŸ¤©
Daya t... "
5,"bagus banget loh ya, aku mau pesan lagi nanti kalau ada warna pink, sol nya enak engga keras dan ringan"
5,Tidak usah ragu utk beli. dijamin enak nyaman
5,"Setelah menunggu 2 minggu akhirnya sampai juga dirumah ğŸ«¶ğŸ«¶. 
Syukaaa di pakainya pun ringan .. 
Recommended pokoknya ğŸ˜ğŸ˜ 
Next time beli lagi di size 38 ğŸ¤­ğŸ¤­ 
39 nya ag... "
5,packingnya bagus pake buble wrap dan di plastikin lagi jadi ga rusak
5,"Semuanya the bestğŸ‘. Pelayanan, pengiriman, model dan kualitas sangat memuaskan. Terimakasih KANKY ğŸ™"
5,"kereenn sii ini sepatunya, ringan jugaa kalo kalian masih bingung ini ga perlu up size ya normal aja udah pas kok thank u yaa kanky next order warna lainnğŸ¥°ğŸ«°ğŸ»"
5,"Ukuran pas dan ringan bgt. Sangat nyaman dipakainya.
Recomended"
5,Sepatunya ringan banget. Ukuran pas. Model sepatu lumayan keren. Semoga awet dipakai.
5,Sesuai ekspektasi warnanya juga bagus ukuran pass
5,"Sepatunya ringan banget,langsung di pake ,pokoknya suka pake bangettttt,I love kankyğŸ‘"
5,"enteng bgt, mulus gak ada cacat barangnya, puasss"
5,"bagus, cuman harus dilebihin 1 size kalo mau enak"
5,"Bagus bangett sesuai dengan sepatu yg aku pengenn, semoga awettt warnanya cantikkkğŸ¤"
5,"Ukuran insol 24,5 mungkin bisa ambil size 39 biar kalo pake kaos kaki lebih nyaman"
5,cintai produk Indonesia. ini juga ga kalah oke sama brand lain
5,"bener bener cakep bangettt bahanyaa super empukk intinya cocok buat running
Bentuk dan ukuran: Ukuran 39"
5,"Baru kasih ulasan poko nya kanky mantap pol bahan bagus dan ringan
Warna: White/L. Pink 40"
5,"ukuran pas, pengiriman cepat, modelnya bagus. Beli buat istri dia suka banget, mantapğŸ‘"
5,"Ukuran pas, enak dipakai. Pengiriman dan packing standar aja"
5,"Sepatunya sdh diterima, kondisi baik, packing baik, sepatu sesuai dengan yg di iklankan, mudah2an awet untuk penggunaan harian. Terima kasih Kanky dan Tokped"
5,"ukurannya pas, warna sesuai gambar, ringan bgt sepatunya, pas buat joging"
5,pertama kali beli kanky buat anak. dari looks dan feels nya kayaknya enak & nyaman. mudah mudahan awet juga. thanks buat tokped & pengirimannya yg cepet.
5,"Alhamdulillah pesanan sdh sampai, nyaman dipakai modelnya ok... seller fast respon. kurir sesuai estimasi. semoga berkah dan banyak yg order... ğŸ˜"
5,"bagus bgttt, sesuai sm gambarnya, kemasannya juga rapi dan selamat sampai tujuan. biasanya untuk sendal sy pakai uk 38 tp sepatu ini sy ambil 37 benerâ€™ pas di kakiğŸ«°"
5,"CAKEEEPPP BANGETTTT ğŸ¤©ğŸ¤© 
sempet bingung karna biasanya pake sepatu no 39 dengan insole 24.5, tapi tetep mencoba percaya diri ngikut ukuran sesuai deskripsi ambil ukuran... "
5,"baguss gaisss, ukurannya jg sesuai sama yg di deskripsi jd kalian tinggal ukur kaki seberapa panjang"
5,"Sampai dengan selamat dan kali pertama beli kanky ternyata bagus dan ringan sepatunya..
Sukses kanky
Kanky pride"
5,"Bentuk dan ukuran: 40
Warna: White grey
Bagus banget sepatunya pas juga ukurannya semoga awet ğŸ˜"
5,"diawal paket diterima ada yg robek plastiknya, tpi untung sepatunya ga knpa"". super duper ringan pas dicoba tdiiğŸ‘ğŸ», dan lain kali lebih di perhatikan lagi plastik y... "
5,"ukuran sesuai, kualitas lumayan, berharap lebih sbnrnya hahaha. insole empuk jd enak dipakainya"
5,"Sepatunya bagus, rapih dan empuk di pake.. kebetulan untuk orang tua dan enk di pakai katanya.. cakep ğŸ‘ğŸ»"
5,cocok untuk jogging ringan. enteng pula. the best lah.
5,minta kirim cepat dipercepat jg.... makasi ya ...barang bagus penjual ramah sukses buat usahanya
5,Bagus  tpi sayangnya kekecilan dan untungnya kk aku mau ya udah dehhh
5,Bagus woy wkwk kedua kalinya beli kanky waktu itu beliin adeku skrg buatku sendiri asek makasih seller semoga awet mau dipake olahraga mantap
5,"serius sih ini sepatu hampang banget lucu juga warnanya, mau dicoba buat running, sehari langsung sampai sesama bandung makasih banyak minğŸ«¶ğŸ»ğŸ«¶ğŸ»"
5,"kualitas sepatu mantap, pengiriman cepat.....ğŸ‘"
5,ukuran yang dikirim sesuai pesanan dipakai juga enak empuk solnya
5,"CAKEP BANGETTT GABOONGGGGG, aku biasa make sepatu ukuran 39, trs aku ambil 39 juga pas ga kegedeannn, ENTENG BANGET ENAK BUAT RUNNING, bakall beli lagi disiniiii!!!!"
5,barang sesuai ekspetasi.. mantap solnya rapih.. semogaa aweett..
4,Bagus sesuai pesanan pas semua mantap semoga awet
5,"Pas banget di aq uk.40 dngn kakiqu 25,5.empuk banget,warna cantik"
5,"udah repeat order utk variant yang berbeda
sejauh ini puas
tetap bertahan dengan harga, model dan kualitas yang OK yaaa..."
5,"Bagus, ringan nyamann, biyar bintang yg berbica yaa mkasihh kk"
5,pas di kaki.. trendi.. harga pas di kantong.. moga awet
5,"Bagus, di pakai enak, semoga awet biar bisa jadi langganan beli disini"
5,barangnya sesuai orderan..ringan dan utk kenyamanan belum dicoba...terima kasih
5,"kualitas barang oke bagus sesuai harga, sol lumayan empuk, ukuran pas di kaki, untuk easy running masih oke, tapi kalo untuk long run kurang recomended"
5,"Sesuai,,nyaman,,next KLO beli perlu up size coz feel sesex,,,karna ternyata UK ceker eik 25cm ğŸ™ğŸ™"
4,"bagus real pict, cukup nyaman dipake. disarankan admin 39 agak ngepres tapi ngk papa semoga awet"
5,Ukuran pas .. barang sesuai deskripsi dan sesuai dengan gambar. Nyaman ringan banget. Cocok untuk lari. Nyaman. Ngga panas juga walaupun pakai kaus kaki yg agak tebal. Th... 
5,Empuks n nyaman.. insyaallah repeat order lg..
5,"Ukuran pass, nyaman banget dipake jalan/olahraga bahkan buat lari juga enak banget
Sol nya ringan dan empuk ga bikin kaki sakit"
5,"jahitan rapi, ringan, tidak panas. modelnya bagus gak norak. seusai harapan. lain kali order lagi"
4,"Bagus, enteng, cuma ada beberapa noda di bagian tali, sama di bagian tulisan kanky runnya, ini harusnya ga Lolo qc ga si :("
5,look nya bagus banget rapi dan dipakai nyaman meski luarnya agak kaku tapi insole nya empuk dan fit ukurannya sesuai deskripsi
5,Beli upsize dari ukuran biasanya dan masih enak dipake dong. Enteng banget dibawa jalan jauh enak gak pegel. Mantap Kanky!ğŸ«¶ğŸ»
5,"ukuran pas sesuai deskripsi pengirimannya juga cepet banget, sepatunya bagus gak empuk empuk banget sih mungkin karena masih baru belum digunakan jadi masih keras, tapi n... "
5,"Biasa pake 38 yang 23.5cm tapi liat review hampir suruh upsize semua, akhirnya ikut upsize dan beneran ngepas."
5,"mantap, proses ceoat, seller ramah

produk diterima dengan baik dan setelah dicoba sebentar terasa ringan serta nyaman di kaki, hanya tinggal masalah seberapa awet saja s... "
5,"harga ok dapat lg promo
packing ok
pengiriman ok
insole empuk
semoga awet"
5,"ukurannya pas banget, keren, modelnya bagus premium, puaas banget, jahitannya rapi, lemnya juga, ringan banget. keren pokonya. ini pembelian yang kedua, puas banget."
5,"bagus banget sepatunya, size nya pas bangeettt ssmoga awett"
5,"Banyak ulasan bilang naik 1 size. Aku biasa pake 38 trus pesen 39, kayaknya masih longgar. Belum tau 38 ngepas atau gak sih. Akhirnya aku pake kaos tebal, masih agak long... "
5,"ringan, nyaman dipakai, ukuran pas. kalau mau lebih nyaman bisa beli insert insole pad tambahan."
5,"Pengemasan dan pengiriman cepat, produk aman dan pas. Nyaman dipakai juga buat lari, thank u."
5,"produk sangat berkualitas, ringan, empuk, size pas 
yg pastinya recomended seller.. jasa pengiriman saja yg agak  lama untuk ke kaltim"
5,"Ukuran sesuai deskripsi, bahan kuat dan pengiriman cepat setelah dipesan"
5,"Ukuran pas dan sesuai deskripsi.
Bahan, model dan kualitas bagus.
Terima kasih"
5,"Ukuran pas sesuai deskripsi, bahan bagus, sepatu original dan nyaman di gunakan, mantapğŸ‘ğŸ‘ğŸ‘"
5,"bagus untuk sepatu seharga ini, enteng, nyaman dipakai, kualitas bahan sebanding dengan harganya... value for money.."
5,"Ringan Poll, bahannya lembut ga bikin kaki sakit. LOVE ITğŸ«°ğŸ»"
5,"Ukuran 40 ternyata pas bgt di kaki, kirain bakal ada longgar dikit
overall, kualitas dn bahannya oke
semoga awet"
5,"Sepatunya realpict, kemasan baik, kualitas ok, bagus utk jalan kaki, nyaman dikaki, recommended, seller amanah"
5,"sepatunya ringan, cuman saya dapet yang kanan lebih besar dari yang kiriğŸ˜­ğŸ¥²"
5,"Sangat Rekomendet 
Saya sudah langganan beli Sepatu Kanky di Tokopedia sebanyak 7 kali
Barang Original dan Nyaman dipakai 
cocok banget dipake untuk Ngantor di hari Jum&#... "
5,10/10ğŸ¥°ğŸ¥°ğŸ¥°
5,Ukurannya sesuai. Ringan dan nyaman banget dipakai jalan/jogging.
5,"Bentuk dan ukuran: Sesuai dan sangat baik
Daya tahan pakai: Sangat baik
Warna: Putih pink cantik"
5,nyaman. ringan. panjang kaki sekitar 24-24.5 cm pakai ukuran 39 longgar tp pas.
5,ukuran pas barang original dan kualitas tidak di ragukan terimakasih toko amanah
5,cakep banget sumpeh enteng nyaman dipake nyampenya gc parah next bakal order yang lainğŸ¤©
5,"sesuai deskripsi,  bagus,  ringan, hanya saja terlalu pas dikaki,  mungkin harus naik size yaaa....ğŸ˜Š"
4,"bagus tapi mata kaki keluar, dan agk sakit bergeser dngan sepatu"
5,"bangga buatan lokal
asli no play play sepatu nya
empuk & enteng
dengan harga segitu worthed sih

apalagi respon admin sellernya cepet bener"
5,"BAGUS BANGET â­â­â­â­â­,tapi bersihinnya susah apalagi kalo ga langsung dicuci pas kena noda"
5,"BAGUS BANGET SEPATU NYA NYAMAN PAS DI PAKE, cuman wktu dateng kardus bagian bawah nya sobek sampe ke dalem' , tapi sepatu nya aman hehe"
5,Suka banget sama bahan dan modelnya. Ringan dan juga enak dipake! Thanks
5,"Produk nya bagus, nyaman bgt di kaki ku. Sempet takut ga muat tapi di coba pakai dan di bawa jalan, enak bgt ga sempit. Pengiriman cepet. Top dehğŸ¤™ğŸ»âœ¨"
5,"gak nyangka barang nya sebagus ini dengan harga yg terjangkau. bahan nya bagus,jahitan nya rapi,ukuran nya pass. puas bangettt."
5,"SangatÂ² tidak mengecewakan buat kali yang mau cari sepatu buat jogging, lari, jalan, olahraga ini cocok bnget.
Enteng bngetttttttt enak dipake berasa ngga pake sepatu, da... "
5,"Running oke, Daily oke ğŸ˜ğŸ˜ğŸ«¶ğŸ«¶ Best pokoknyaa, mana ringan banget lagi kaya ngga pake sepatu, ngga bikin cape dan tentu nyaman seharian untuk dibawa aktifitas ğŸ˜†ğŸ˜†"
5,"bahannya bagus banget, kualitas gak main2. highly recomend"
5,"sepatunya bagus gais, lokal pride, pengiriman juga ga lama, btw kyknya disesuaikan aja sm sepatu kalian biasanya, kaki ak 22.5 ambil 37 kekecilan karena kaki ak lebar ya... "
5,"cukup lumayan kalau dibandingkan harganya..
agak sedikit kebesaran tp ok lah.
semoga betul enak untuk dipake berdiri dan jalan lama."
5,"ALHAMDULILLAH SAMPAI SETELAH PENANTIAN,, T.T, BAGUS BANGEETTT LUVV SMOGA AWEET"
5,"Uk asli 39 dan pas di uk 40 sepatu ini dg kaos kaki, model bagus, bahan lumayan utk harga 200rb, sol so so lah empuknya. Next bakal dicoba buat zumba atau sekedar jalan2ï¿½... "
5,"Fast response, Good product, Harga terjangkau."
5,"makasih min udah denger suara hati customer, gampang return pokoknya bangga sepatu lokalğŸ¥°ğŸ«¶ğŸ»"
5,"Barang sudah sampai ditempat tujuan 
Barang sesuai ukuran kaki saya"
5,"Sepatunya bagus dan sesuai, ringan kualitas bagus. Sangat memuaskan"
5,"sepatunya bagus, panjang kakiku 22,5cm kebetulan size yg paling mendekati ukuran kakiku yg tersedia stoknya tinggal 37, pas dateng kirain kebesaran ternyata ngga kok dipa... "
5,"adminnya gerceppp tanya ukuran sama minta tolong segera di kemas langsung di kemass, biar hari selasa bisa sampee ternyata senin malah udah sampee terimakasi adminn, sepa... "
5,"ukurannya pas bgt ternyata pdhl kaki aku ukuran 39an, paket nya aman, nyaman karena empuk banget cuma terlalu pas, cocok buat skolah! worth it tapi kalo ukuran kaki nya 3... "
5,"Bentuk dan ukuran: pass
Warna: sesuai dgn yg difoto
nantii beli lagii"
4,warnanya bagus nyaman dipake semoga awet barangnya
5,"oke mantab, ukuran pas. bahan nyaman. keren."
5,MasyaAllah akhirnya.. alhamdulillah cantik semuanya bagus sihh di aku juga pas empuk juga pas dipake
5,"sangat bagus sekali, nyaman dipakai, warnanya cantikğŸ˜ğŸ˜"
5,"Ringan bangett, ukuran sesuai. Sengaja beli yg lebih size nya soalnya biar longgar enak. Sesuai banget ukuranya.
Bagus sesuai lemnya kuat.
Semoga awettt, warna putihnya b... "
5,"Seller fast respon dan pengiriman cepat, sepatu bagus seperti harga jutaan, thanks.."
5,ukuran pas. harga sangat terjangkau dan berkualitas
5,"mantap, ukurannya pas. bahannya bagus."
5,bahannya bagus dan nyaman dipakai.... semoga awet
5,"ukuran pas model bagus nyaman, harga bersaing..terimakasih"
5,Barang sesuai pesanan. Kualitas barang sangat bagus untuk harganya.
5,"cakeeeppp bgt ini weehhhh, di kaki pas gak kegedean/kekecilaann, semoga aweett yaaağŸ¤âœ¨"
5,"Sumpah ini sepatu keren banget rekomen benget buat kalian yg suka olahraga atau untuk berpergian jauhh agar kaki klian tetap angat dan tidak dingin, paket sesuai pesanan"
5,"sesuai di etalase, sepatu nyaman & empuk dipake, ortu suka banget. best sih merknya sepatunya"
5,"Cucok skli buat run dan nyaman, pas ukirannya sesuai sekali"
5,"Paket mendarat dgn sempurna, barang ori dan bagus"
5,"Panjang kaki 23, pilih ukuran 36 agak sesak sh better keliatannya ukuran 37. sepatu empuk dan nyaman"
5,CAKEPNYA DILUAR EKSPEKTASI BANGETTTTTğŸ˜ğŸ˜ğŸ˜ğŸ˜ğŸ˜ğŸ˜ğŸ˜ğŸ˜
5,"ukuran sempat kekecilan,alhamdulillah bisa ditukar ke size gede,nyaman dikaki, pokonya best lah ğŸ‘"
5,"barang sesuai deskripsi, kualitas bagus, semoga awet"
5,Ukuran pas. Finishing rapi. Insole empuk.Ringan dan nyaman di kaki.
5,spatunya cocok
5,"ukuran cocok ke kaki sy, model bagus, ringan dan awet ğŸ‘"
5,"Sepatunya bagus sesuai deskripsi, pengiriman juga cepat, enteng bgt nyaman dikaki"
5,bagus dan ukuran pas. produk lokal emang ga kalah kerenn
5,"Bagus tapi sayang kekecilan, udh pilih ukuran cm yang biasa pakai"
5,"ukurannya sesuai, enak dipakai, modelnya cantik, ringan banget.. semoga awet yaa"
5,Paketku sdh smpe.. Wow sepatunya ringan di kaki stlh di coba..
5,Sepatunya nyaman dipakai tidak bikin kaki sakit solnya empuk maaf baru kasih ulasan
5,bagus empuk dan nyaman dipakai jalan. sol nya mudah berkerut
5,"Keren sepatunya
Kualitas ok
Nyaman di pake"
5,"bagus, sesuai deskripsi. ukuran pas, jahitan rapi. top."
2,"Rapi, warna oke, tapi udh upsize masih kekecilan. Ni size tablenya ngaco. Trus ternyata ga seempuk yg kubayangin.. rada keras ğŸ¥²
Update: kena cipratan becek, susah bgt ga... "
4,"Aku biasa 39, ngerasa kurang gede dikit"
5,"Pengiriman cepat, Ukuran pas, dan nyaman."
5,"Sesuai pesanan... Cocok di kaki, dan nyaman di pakai"
5,"mantab semoga awet, barang sesuai deskripsi"
5,"Sepatunya bagus, ringan, dan terlihat melebihi harganya. semoga awet di pakai harian. terima kasih."
5,"Sudah sampai cepat gercep, barang aman. Sepatunya ringan bgt gatau gimana kualitasnya. Semoga kuat & awet"
5,"Sepatunya bagus buat cewek, keren designya ukuran juga pas di kaki ğŸ‘"
5,"diterima tepat waktu (order pake next day) krn ada acara perlu pakai sepatu model ini/sejenis, sepatu nyaman. size naik 1cm, mengingat perlu pakai kaos kaki, dan pas (unt... "
5,"sepatunya enak, ringan banget sih. Terbukti sering dipakek karena udh dekil ğŸ˜…"
5,Solnya empuk Nyaman dipakai Ukurannya sesuai
5,"Sepatunya udah sampai, nyaman, bagus bahannya. Pokoknya suka .."
5,"Sepatunya ringan,enak dipakainya,admin nya juga ramah,terima kasih ya"
5,"produk bagus banget sangat rekomended, harga bersahabat mantab dan puas banget ğŸ‘"
5,"ukuran nya sesuai, barang sesuai deskripsi, rapih dan nyaman. semoga semakin sukses Kanky"
5,"Ukuran sesuai, ringan dipakai, empuk sol nya, warna cakep, pengiriman cepat mantap ğŸŒŸ"
5,"barang bagus, sesuai dengan gambar, jahitan rapi, pengiriman cepat. tp belum sempat dicoba"
5,"sesuai gambar dan sepatu ringan, cocok untuk sekolah"
5,"Barang baguss, pengiriman dan respon cepat, puas belanja di sinii .. terimakasihh"
5,"Pengiriman cepat, semoga barang yang datang sesuai gambar, dan pokok nya top lahğŸ”¥"
5,ga usah diragukan lagi lah ya kanky ini. udah 4 kali beli di sini dan selalu bagus mana nyampenya cepet
5,"terima kasih, sepatunya bagus sekali"
5,"Pengiriman cepat, Dengan Harga yg terjangkau.. kualitas okay loh.. thank you."
5,"Baguss 
Ukuran cukup 
Recomend pokonya
Hargaa terjangkau"
5,harus nambah 1 uk dari biasanya kl mau yg ga trlalu pas. tp yg ini ok jg ga bikin sakit
5,Barang diterima dengan baik dan respond seller cepat.. Terima kasih
5,"nggak nggak lagi beli brand luar, buang-buang uang

brand lokal loh sebagus ini"
5,mantap dan nyaman. sangat berkualitas mantap
5,mantul gak diragukan lagi. pokoknya bagus dan nyaman
5,"keren sepatunya, istri suka. pas dan nyaman di kaki"
5,"Ukuran Pas, sesuai deskripsi, pokoknya cocok dan sukakk banget"
5,"Ukuran sesuai, nyaman, simple.. suka. Makasi ya min, maaf baru kasi ulasan. ğŸ˜"
5,oke sih lucu warnanya real pict cantikkks ringan juga. ekspetasi aku empuk bgt ternyata ngga ya. atau emg sepatu running tuh gt ya ğŸ¤”
5,"ukuran sangat sesuai, harga sangat kompetitif  untuk kualitas sebagus ini"
5,"Selalu puas dgn produk kanky, kualitas & kenyamanan the best ğŸ‘ŒğŸ»"
5,"build bagus, nyaman, ringan.. mudah2an kuatttt"
5,sesuai dengan deskripsi. pengiriman super cepat. bagus modelnya. worth the money
5,"Bagus, di pakai nya enteng. Ukuran 40 masih longgar.. semoga awet deh yahh ğŸ˜‡"
5,Model bagus dan sepatunya cukup kuat dan elastis
5,worth the price. Lumayan bisa dipake harian
5,sepatu yg kedua kalinya.....sangat cocok dan nyaman dipakai
5,sepatunya ok banget... ringan banget.. suka banget.. smoga awet... responnya juga cepet banget..  makasih seller & pak kurir...
5,ukuran sepatu mesti +1 dari ukuran aslinyaa. empuk dan worth to price dgn harga sgtu.
5,"ukuran pas, sepatu empuk cocok untuk lari"
5,"awal beli salah ukuran, kebesaran...pas mau retur udah dpt semingguan masih boleh...best lah barang juga bagus dan berkualitas..."
5,"proses pesanan dan pengiriman cepat, memuaskan sekali, sepatunya bagus"
5,kiriman cepat ukuran pas ....model bagus ....ringan
5,"Enakeun pisan sepatunya, ringan. Ukurannya juga pas"
5,warna sesuai gambar..coba di pakai juga enak..pas di kaki
5,ternyata agak ngepres di kaki. tpi sepatu nya ok banget
5,"Sepatunya keren, ringan, dan harga terjangkau pastinya"
5,ukuran sesuai. kualitas top. kenyamanan top. pengiriman cepat. packing biasa aja.
5,Bagus banget kualitas top sepatunya enteng
5,"jahitan & sol sepatu rapih .
sepatu ringan & alas kaki empuk .
worth to buy dengan harga 200an ."
5,"bagus, ringan sepatunya, sol nya juga rapih, semoga awet"
5,debest.. murah n bagus.. pengiriman kilatt..no drama.. moga smakin berkembang lokal pride...
5,sepatu yg bagus untuk kado ke istri/pacar/gebetan/selingkuhan/FWBan. Trendy dan kualitas bagus untuk jogging di taman
5,Alhamdulillah sudah sampai barang nya dengan cepat sesuai pesanan bagus enteng cm beli di coba untuk pake senam mudah mudahan enak dan nyaman di pake senam
5,sepatunya bagus pengiriman nya cepat muat di anak semoga awettt
5,"Sepatunya oke,bagus motif dan warnanya.. cocok buat istri.."
5,"sepatunya empuk dan enteng, buat daily run enak"
5,"sepatu nya empuk bgt, enteng bgt ini sepatu. murah tp kualitas oke"
5,"lucu bangt warna nya,barang nya jga cepet smpe,ukuran pas bngt"
5,baguss sepatu nyaa ringan bngt sol sepatu nya empuk jdi nyaman buat joging semoga awet
5,Proses kirim cepat. Sepatu nyaman. Sol tebal. Terimakasih
5,"pesanan sdh di terima dlm keadaan baik. lumayan bagus utk harga sgini, nyaman jg di pake. tks"
5,"enteng, warna bagus, size ok (lebihin 0.5 cm), blm dipakai keluar."
5,"Mantap, nyaman, cepat, rapih, gesit mantap lah pokoknnyaaa kerenn kanky thenbest"
5,"Pertama kali beli kanky, cucok, size passs banget. dpt harga murmer pula ya kan... okelah ya... ğŸ¤­"
5,"jahitan sepatu & sol sepatu rapiih .
sepatu ringan & alas kaki empuk .
worth to buy banget , dijamin ga akan nyesel ."
5,"Sepatunya bagus sesuai deskripsi, pengiriman jg cepat, trmksh"
5,"Pesanan Sesuai
pengiriman cepat
model sesuai pesanan"
5,"Oke pas d kaki, enteng.. goodğŸ‘"
5,"pembelian ke-2 unt sekolah tuan putri ku, dapet harga cuci gudang pula....
sepatu enteng dan kualitas bagus."
5,sukaaaa banget baguusss & enteng juga ğŸ¥° biasa pake uk 39 tp aku tambah 1 jadi beli ukuran 40 dan pas ğŸ¤© mau dicoba jogging besok
5,"Finally bisa beli kanky yuga makie ini dgn harga 199k waktu live, sukaaaa, ringan, nyaman dipakai.. terima kasih kanky"
5,"Melangkah pasti dgn kanky..model keren, sol empuk & nyaman. Pembelian ke 2 so far puas lagi"
5,Real pict buat zumba thank you...
5,"Kereeen, ringan dan pas banget dikaki. Bakal repurchased sih utk anak
tks mimin yg sgt ramah, dan ekspedisi yg cekatan"
5,Suka bgt. Bagus. Enteng. Enak dipakai
5,keren sepatunya empuk dan nyaman
5,bagus banget Alhamdulillah ada ukuran ini...dan warnanya cakep banget love love pokoknya
4,"Biasa pake uk.40 tapi ini agak kegedean ğŸ˜‚ tapi its ok,markicob brand local ğŸ‘ğŸ»"
5,"ukuran pas, biasa pakai 38 pilih 38, nyaman dipakai jugaa. loovvv bgtt"
5,"oke banget. empuk. sesuai pesanan, baik warna dan ukuran"
5,"nice, sepatunya pas enteng dan worthit lahhhh yaaahhhvghhh"
5,"Mantap, pas di kaki ku size 37, panjang kaki ku 23cm, biasanya emg pakai 37 jdi ikuti yg biasa dipakai sja"
5,"Bagus, sepatunya ringan. Tapi tolonglahhh packaging nya ngacoooo bgtttt. Masa kerdus penyok2 gitu ngasal bgt, diperbaiki lagi."
5,"keren bgttt, dan untungnya gasalah ukuran yey."
5,"Barang sudah diterima sesuai pesanan, pesan hari minggu hari selasa sudah diterima. Ukuran sesuai, jahitannya rapi dan anakpun hepi. Semoga awet. Recommended sellerğŸ‘ğŸ‘"
5,Oke bangetttt maap ya kesenengan jadi begini ekspresinya
5,"terimakasih,packing,respon dan ukurannya ok.ğŸ™"
5,Kualitas sepatunya sesuai dengan harganya.
4,Bagus sesuai pesanan pas semua mantap semoga awet
5,Pas dipakai dengan ukuran yang dipesan.
5,"Baguss, udah punya 2 produk ini dan awet banget"
5,"ukuran sesuai
warna sesuai
sepatunya bagus, pengiriman cepat"
5,"Bagus banget, pas di kaki, bintang 5â­â­â­â­â­"
5,"Sol nya empuk, sepatu cukup ringan"
5,"barang ny bagus, recommended lah"
5,"cocok pakai kanky, diterima baik aman, terimakssih"
5,"asik nih sepatu lokal sol nya empuk napas nya banyak, siap lari"
5,"barangnya ok , ringan dan Sabi lah di seharga segitu"
5,"OKEEE BANGETT, ga sakit juga dipakenya, worth it sekali"
5,"suka bangettt, pas sama ukurannyaa, sesuai deskripsiiğŸ«¶"
5,"mikir berkali kali buat beli ini dan akhirnya checkout jugaa, bagus bangett ringan sepatunyaağŸ˜"
4,sepatunya enak dan nyaman dipake ğŸ˜»
5,model nya bagus...wrn nya keren...mudah2an awet ya dan nyaman di pake nya
5,ukuran pas mantabbb banget ini sepatu nya empuk
5,sukaaa banget sama sepatu ny..... tapiii....sepatu ny susah di bersihin
5,"kanky layak di akui duniaa, keren bangett sumpahh trs sepatu nya woww kalian beli aja dan cobain pake sendiriğŸ‘ğŸ»ğŸ˜‡"
5,"Alhamdulillah pesenan sdh sampai terimakasih banyak,barang sesuai dgn gambar bagus banget"
5,Bagus sekali ğŸ˜ğŸ˜ğŸ˜ tidak kecewa sama sekali
5,Bagus banget ya AllahğŸ˜ğŸ˜ğŸ˜ Jangan ragu jangan bimbang dehhğŸ˜ğŸ˜ğŸ˜
5,"pas, adminnya sabar bgt ngadepin customer tantrum ğŸ™‚ğŸ™‚ğŸ™‚ğŸ™‚ğŸ‘ğŸ‘ğŸ‘ğŸ‘ğŸ‘ bintang 5"
5,"ukuran pas, lucu banget mantap lah pokoknya ğŸŒ¹ğŸŒ¹ğŸŒ¹ğŸŒ¹ğŸ¥ºğŸ¥ºğŸ¥ºğŸŒ¸ğŸŒ¸ğŸŒ¸ğŸŒ¸ğŸ”¥ğŸ”¥ğŸ”¥ğŸ”¥ğŸ”¥ğŸ”¥ğŸ˜ğŸ˜ğŸ˜ğŸ˜ğŸ¤¤ğŸ¤¤ğŸ¤¤ğŸ¥°ğŸ¥°ğŸ¥°ğŸ«µğŸ«µğŸ«µğŸ«µ"
5,"Spatunya udh smp kaa cakep bgt, pengiriman ny jg cpt bgt!!!"
5,"nyaman di pake, gak panas, empuk.."
5,"modelnya keren, ukuran pas, mantap"
5,"Ini kedua kali nya beli kanky , emangggg bagusss banget sih. Ringan juga kalo dipakettt"
5,"bagus, empuk, dan real pictğŸ™‚â€â†”ï¸ğŸ™‚â€â†”ï¸"
5,"akhirnya wishlist ku dateng juga ğŸ¥¹, warna pink + warna putih cakep banget pls ğŸ˜­ğŸ©·ğŸ©·ğŸ©·"
5,"Bentuk dan ukuran: PASS
Warna: Cantikk"
5,Bagus. Nyaman. Local pride ğŸ©·ğŸ«¸ğŸ«·
5,"puas, harga bersahabat kualitas mantab"
5,"ukuran pas, warna cantik, pokonya bagus dehh sesuai harga thank you kancky"
5,Sudah pernah merasakan kenyamanan brand ini.. Ini pembelian ke dua... Semoga sesuai harapan..
5,ini best buying 2024 sih. sepatunya ringan banget.
5,"super recommended, anak saya seneng banget pakai sepatu nya"
5,"real pict anjayy, bgs bgtt
ap lgi warna nya cnti kali"
5,Barangnya sudah sampai baguss banget sesuai dengan yang dipesan
4,"bagus banget kak, udah ketiga kalinya beli kanky gak pernah gagal. sorry fotonya beda. soalnya udah dibawa sepatunya"
5,"Asli Napol banget sesuai ke inginan. 
Next kapanÂ² co lagi"
5,sepatunya bagus dan ringan buat dipakai
5,Mantapss.. satu kantor beli sepatu kanky semua nya biar solid.. semoga dapet sponsor dari admin nya ğŸ˜„
5,Suka banget sama warnanya.. selalu beli sepatu sport kanky â¤ï¸
5,"CANTIIK BGTTT AAAAAAAğŸ¥ºğŸ¥ºğŸ’—ğŸ’—ğŸ’—
nyaman juga dipakaiğŸ’—ğŸ’—ğŸ’—"
5,"mendarat dengan aman,sepatunya juga ringan,tengkyu."
5,sepatu pas dan cocok ğŸ‘ semoga lebih semangat jogging nya
5,Sepatu nya udah nyampeee aahhh seneng bgt dapet hargaaa 1.700 ğŸ¥³ğŸ¥³ğŸ¥³ğŸ¥³
5,kualitas sangat bagus untuk harga segini
5,"bagus bangett plss manaa murah lagii,ganyesel dehh beli inii,lucuu warnanyaaa pass ga kegedean ukuran 39 plss lucuuuuuuu"
5,ukuran pas dan lumayan enak dipakai
5,Cakep banget sih ini ğŸ˜ğŸ˜ğŸ˜ğŸ˜ . Makin semangat olahraga
5,"mantaph, ringan dan tidak sakit di kaki."
5,produknya bagus baru pertama ini beli kanky semoga jadi lenganan yaa
4,biasanya pake 39 upsize jadi 40 pas si cocok untuk olahrgaaağŸ¤©
5,"Keren..pas di kaki. 
Semoga awet ğŸ™ğŸ™"
5,Bagus sepatu nya ringan di pakai
5,Enteng banget sepatunya cocok buat lari
5,"Sepatunya bagusss, super duper enteng ğŸ˜ğŸ‘"
5,"gila cakep parah , semoga awet

worth it bgt"
5,"ukuran pas
modelnya keren
sesuai order
mantaaappp"
5,ukuran pas. sesuai pesanan no. 39
5,"Real pic, ringan, bangus . Terima kasih"
5,"Barangnya Mantapp sekali
Kalau untuk sepatu sekali beli di kanky
terima kasih"
5,"Barang bagus, mau beli lagi utk olahraga"
5,"Barang sesuai, nyaman semoga awet"
5,"bagusss , sepatunya enak di pakaii"
5,Bagus Sekali Sepatunya..... Recommended pokoknya
5,Sepatunya keren...nyaman dipakainya. Terimakasih Kanky
5,BAGUS BANGET PLSSSS BENERANNNN ASLIKKKKKKKKKKKK
5,"bagus bgt, buat anak krl cocok ini"
5,cepat sampai. sol nya jg empuk
5,mantaaap sesuai ekspektasi model sesuai mantaaap
5,"Ukuran sepatu pas, semoga awet, next order untuk suami sy.Terima kasih"
5,ukuran dan warna sesuai pesanan
5,Nyaman dan ringan banget ğŸ˜
5,Sepatu sesuai pesanan. terima kasih banyak
5,sdh sampe bagus buat hadiahnya ade yg yg reking 3
4,Dipake enak
5,"cakeppp bgttt ih sepatunyaaa, ga nyesellâ€¼ï¸ğŸ˜ğŸ˜"
5,"bagus bgttt,nyaman bgt dipakenyaa"
5,"Pembelian yg ke4, tidak mengecewakan ğŸ‘"
5,"ukuran pas, artikel atau modelnya bagus, sepatu nyaman. seller respon cepat, kurirnya juga cepet. terima kasih kanky istri saya jadi bahagia."
4,mantabb produk sesuaiiğŸ¥°ğŸ¥°
5,"Bagus,pas, ringan"
5,"Produk bagus dengan harga terjangkau, itulah kanky.
Lem rapi, jahitan rapi, nyaman di pakai, terasa solid, bukan seperti sepatu yg asal jadi karena murah"
5,"beli buat anak,kata anak sih enak pisan. semoga awet deh."
5,Solnya empuk. Nyaman dipakai. Penjualnya ramah banget. Packaging aman ğŸ™. Nyaman dipakai lama. Respon penjualnya top. Warnanya cantik.
5,"bagus,ringan dipakai"
5,"Sepatu sangat nyaman dipakaiâ€¦.empuk,cocok buat kaki atau tumit yg sakitâ€¦.KANKY the bestâ€¦.harga bersahabat"
5,"size pas, cocok, suka sama warnanya, nyaman dipake"
5,"ukurannya pas, nyaman di pakai, bahannya lembut, dan enteng"
5,"ukuran pas sesuai deskripsi, untuk harga segini, design bagus dan ringan dipakai. mungkin soles nya yang kurang empuk ya, tapi sudah cukup bagus"
5,"bahannya lumayan lembut, nyaman saat dipakai, model nya baguss, sol nya juga ga tipis, ukurannya pas"
5,"Bagus dan sesuai dengan gambar,UK 38 dan pas di kaki
Bentuk dan ukuran: 38
Aroma: Bagus
Daya tahan pakai: Semoga amet"
5,"pengerjaan sepatu rapi jali, buat anak sekolah dpt murmer tp oke, sempat salah ukuran kekecilan tp proses penukarannya dibantu step-by-step, saran sy sesuai anjuran utk u... "
5,"setelah saya pakai Kanky..istri kepengen. ta beliin juga dengan model berbeda. happy..

enteng banget dan empuk..apalagi bagi wanita hamil, gak bikin pegel kaki.

kualita... "
5,"Bagus, nyaman dipakai dan ringan. Cocok buat jalan santai"
5,"ukurannya pas, sepatunya nyaman empuk dan ringan dipake lari"
5,sepatu lokal yang cocok go international nih.. nyaman bgt dipake.. g nyangka harga segitu nyamannya sama kaya sepatu yg harga 4-5 kali lipat
5,"product bagus banget
sesuai deskripsi.

seller respond cepat. kiriman cepat. mantap"
5,"Bentuk dan ukuran: Ukuran longgar dikit krna emg dilebihin biar ngga nyesek di kaki
Warna: Warnanya cantik, bagus bngt
Trimakasih seller,, sepatunya bagus, nyaman ,ngga k... "
5,"barang bagus banget, untuk ukuran pake aja ukuran yang biasa dipake jgn ikut panduan krn masih kekecilan"
5,Sepatunya bagus banget kwalitas oke pake banget2.enakan di pakainya dan empuk.nanti mau co lagi deh. Makasih mimin.
5,"Barang bagus, datang sesuai pesanan"
5,"nyaman dipakai, gak bikin sakit dan cape. biasa uk 38, pakai uk 38 pas"
5,"Sepatunya keren, awalnya krna beli offline, terasa enak di kaki, ringan dan bagus, trus cari online, ternyata lebih murah dan kualitas sama... Maaf g sempet foto, tp asli... "
5,"Bagus sepatunya empuk, ringan. Enak dipakai jalan. Belum dicoba buat jalan jauh tp semoga enak dan awet. Warnanya bagus abu muda ada aksen pink dan hijau tosca. Ukuran ju... "
5,"Beli sepatu untuk istri, katanya sepatunya empuk, warnanya yg putih-pink juga bagus. Buat yg mau beli, ikutin aja ukuran UK/EUR sepatu yg biasa dipakai (true to size). Ja... "
5,sepatu sesuai permintaan bahan bagus kualitas bagus cuman pengiriman telat
5,"Keren, nyaman, anak suka. Worth it banget.
Sekali lagi saran buat Kanky utk fokus ke pasar sepatu anak dengan menambah jenis sepatu yg punya ukuran agak kecil (36 ke bawa... "
5,"bahan Bagus, ukuranya pas, model keren, sol  nyaman"
4,"Barang sudah sampai 
Pas nyaman dipake 
Thanx seller"
5,"bagus dan enteng sepatu nya, jadi makin lincah buat olah raga ringan jalan kaki atau lari
kwlitas mantap dan pengiriman cepat
terima kasih"
5,"Jujur puas bangetttt, mau nangis dan nyesel kenapa baru tau ada brand sepatu sebagus iniğŸ˜­ sepatunya empuk, buat aku yg kerja jalan terus ga bikin kaki pegel. mau beli la... "
5,"alhamdulilah. ukurannya pas dan
bahannya dan design bagus. pengirimannya jg cepat. terimakasih"
5,"ukuran pas, ribgan nyaman buat jalan, harga terjangkau"
5,"produk barang bagus dan pelayanan juga bagus. barang gak ada tapi berusaha confirm dulu dan gak asal kirim random, dan si doi alhamdulillah suka. 
thanks gan"
5,"sepatunya baguss dan empuk, nyaman dipakai, pengirimannya cepat"
5,"Sepatu nya bagus, ringan, semoga nyaman dipake jalan jauh."
5,"sayang ukurannya banyak yang abis jadi agak kekecilan dikit, pls restock yang cepet yaa"
5,"ukuran sesuai
produk nya bagus juga
ringan bahannya
Alhamdulillah memuaskan"
5,"Sepatunya OK, ukuran sesuai yg diorder, dipakai nya nyaman dan empuk.
Respon admin nya cepet, langsung dikirim."
5,bagus kualitas nya gak diragukan lagi produk dalam negri tapi bisa bersaing dengan produk yg malah
5,"barang sesuai dngn foto,sepatu ringan dan nyaman"
5,"keren banget model sepatunya, ringan dan nyaman dipakai"
5,"ukuran nya pas, sepatu nya enteng, nyaman di gunakan"
5,"kualitas dan modelnya sepatunya diatas ekspektasi, keren dan nyaman"
5,"Bagus, pas dan enteng bgt"
5,"sepatutnya bagus dan ringan, klo lain kali beli lagi harus dinaikkan 1 nomer karena, kaki saya tebal"
5,"bagus, empuk nyaman dipakai, baru pertama belum tau awet apa enggaknya âœŒ"
5,"pesan yang kedua kalinya sepatu kanky, product lokal tapi nyaman"
5,"ukuran sesuai, bahan okee, dan bobotnya ringan"
5,"Brg sesuai deskripsi.
Bagus,, enak dipakai
Sdh prnh beli produk Kanky lainnya, ini kali ke 3"
5,"barang bagus, ga ada cacat, seller amanah, produk lokal tp keren, wajib di beli ..."
4,"Sepatu lokal kualitas oke dengan harga segitu, tapi perbaiki dong packingnya, serius nih cuman gini doang sampe penyok?"
5,"ukuran pas, dan warna sesuai dengan pesanan, barang tiba dengan cepat dan selamat. terimakasih kak"
5,kirain tinggi kek digambar ternyata pendek
4,ukurannya lebih kecil dri ukuran standard.
5,Asli cakepp next bakal order lagi
5,"Sepatu nya bagus dan ringan, dipakai juga nyaman 
Semoga awet ya"
5,"ukuran pas sesuai standar, kualitas sangat bagus ğŸ‘ğŸ‘"
5,Bneran baguuuussss enteng bgtğŸ˜
4,"Sepatu dah nyampe,aslinya bagus banget,tapi ***** nih ekspedisinya, sesama bandung baru nyampe seminggu kemudian,itu pun harus di samperin ke jne nya,paket 4 hari gak ger... "
5,"Baguss banget sepatunyaa.. Ukurannya pas, sesuai ekspektasii. Sepatu nyaman dipakai dan enteng. 
Tips: naikin 1 ukuran dari biasanya"
5,Keren bagus banget sepatunya local pride!
4,"ukuran pas, packaging rapi, tapi pengiriman lumayan lama"
5,"pesanan sudah sampai dengan kondisi baik
sepatunya bagus keren ukuran pas model menarik warna sesuai ekspektasi
sepatu nya ringan empuk"
5,Sangat bagus sekali aangat nyaman harga sangat terjangkau next order yg motif aku suka semoga cepat restock
